{"LG 23": 23.935159920372552, "LG 24": 9.253377022515215, "LG 25": 0, "LG 26": 48.026251180167364, "LG 27": 7.761240939848076, "LG 28": 7.7678753583467905, "LG 29": 31.315908573839703, "LG 30": 89.54003917954154}