{"LG 14": 46.234109235617794, "LG 15": 490.7369727924924, "LG 16": 15.456731716525182, "LG 17": 8.056292414768816, "LG 18": 82.42936866448652, "LG 19": 4.3041052455691675, "LG 20": 204.74357985925832} 