{"LG 23": 7.634363220840128, "LG 24": 8.295886908381501, "LG 25": 8.400590542557723, "LG 26": 9.764788514039358, "LG 27": 8.96674727069761, "LG 28": 8.964964814616367, "LG 29": 18.498720134984666, "LG 30": 30.151652122029812}