{"LG 14": 75.70462429572783, "LG 15": 490.1669944659794, "LG 16": 0, "LG 17": 59.969466164757335, "LG 18": 293.5546522147683, "LG 19": 16.35995225089552, "LG 20": 98.14108098957365}