epoch,train_loss,val_loss
0,0.1378122180211523,1.051081953326176
1,0.0747940623108958,0.685246597037747
