epoch,train_loss,val_loss
0,0.2794445919216419,0.3728554190746669
1,0.18774867817389626,0.520857937120158
