epoch,train_loss,val_loss
0,0.22885501856206786,0.9464777844219372
1,0.1137086251641021,2.017747700214386
2,0.08525823728153523,0.44514679755601616
3,0.06525732266332654,1.1617527132810548
