epoch,train_loss,val_loss
0,0.1423612837007339,0.8201478894928406
1,0.06452811346015828,0.41879774586393914
2,0.05051717350256766,0.30063257418158984
3,0.044850614643545374,0.407301382256975
