epoch,train_loss,val_loss
0,0.12290220578166253,0.9603280818667905
1,0.038585360299749384,0.7234141571254565
2,0.03193964543201019,0.46769843692373897
3,0.027339905178200858,0.32176840023874026
