epoch,train_loss,val_loss
0,0.32569001301618394,1.4372262393606121
1,0.24092047585841805,1.0243398507093562
2,0.23440285376704878,0.8871926647197041
3,0.2224624732076698,0.8068241670771047
