epoch,train_loss,val_loss
0,0.23968411324189065,0.40648500560622275
1,0.1442966443612009,0.5156815613395181
