epoch,train_loss,val_loss
0,0.1562482149848807,0.8880370118237775
1,0.08115355291978475,0.5632047235066521
2,0.07359323175029552,0.756430885658182
3,0.06965962901764305,0.6662988861075377
4,0.06795230800127412,0.61513039540371
5,0.06677986976710405,0.5351428423735217
6,0.06513684129355647,0.5205886291227593
