epoch,train_loss,val_loss
0,0.0995999533280149,0.3662921066877657
1,0.040213784529886984,0.5541579536644036
