epoch,train_loss,val_loss
0,0.135527693000813,0.5475873122634045
1,0.06135142012208753,1.1550512356747842
2,0.051203674321911814,0.16410690025271227
3,0.045493111983206456,0.23711271465073752
