epoch,train_loss,val_loss
0,0.20092861593407105,0.32943951243470454
1,0.1404156822465533,0.27206588406758064
2,0.1346069894061449,0.33483773352733504
3,0.13540915879134036,0.32069179877790427
