epoch,train_loss,val_loss
0,0.17917122610856293,0.3646926322116934
1,0.059264645103278855,0.2311728112110547
2,0.038864068825132665,0.12220835271679485
3,0.028195998496795292,0.18413411130381444
