epoch,train_loss,val_loss
0,0.1174667850867206,0.6655933637043525
1,0.03596476087622252,0.6118687624561375
2,0.032584831878521646,0.5224326497771674
3,0.027169059632098858,0.8475789244005153
