epoch,train_loss,val_loss
0,0.22752571437534289,0.31202657874031314
1,0.1414022864641767,0.3660599797450263
