epoch,train_loss,val_loss
0,0.16348236038329753,0.5971624430333232
1,0.057604669824453954,0.2423820984421362
