epoch,train_loss,val_loss
0,0.30751755257658925,0.35898307859897616
1,0.2509786264693483,0.32889233958618397
